508564523;KB Components Arevall AB;286 85 orkelljunga;Szwecja
509099131;Atlas Industrial Print AB ;Skaggebyvagen 35, 612 44 Finspang;Szwecja
354060337;Platspecialisten AB ;Hammarvagen 13, 232 37 Arlov;Szwecja
353949852;Ansell Protective Solutions ;Johan Kocksgatan 10 , SE-231 81 Trelleborg;Szwecja
632393864;Lundgrens Sverige AB;Datavagen 27 Box 9114, 400 93 Goteborg;Szwecja
658654079;Total Power Electronics Inc.;2F No.5,Bao Hong Road, Hsin Tien City;Tajwan
356462309;Mega Teknik AB;Motorgatan 18, 261 51 Landskrona;Szwecja
310285267;Molex Knutsen Danmark A/S ;Paul Bergsoes Vej 16, 2600 Glostrup;Dania
354252520;Talent Plastics Gislaved AB;Verkstadsgatan 2, 332 35 Gislaved;Szwecja
774456474;Sematron AB ;Santessons vag 17, 232 61 Arlov;Szwecja
354080244;Carlsson & Moller ;Garnisonsgatan 45, 250 23 Helsingborg;Szwecja
354823270;Colly Components AB ;Nedre Storgate 50, 3012 Drammen;Norwegia
356425926;Tools Sverige AB;Hudiksvallsgatan 6, 113 30 Stockholm;Szwecja
355550831;Mastec Components AB;523 90 Ulricehamn;Szwecja
